<?xml version="1.0" encoding="UTF-8" ?>
<!DOCTYPE mapper
      PUBLIC "-//mybatis.org//DTD Mapper 3.0//EN"
   "http://mybatis.org/dtd/mybatis-3-mapper.dtd">

<mapper namespace="mapper.address">
	<resultMap id="address" type="addressVO">
		<result property="zipNum" column="zip_num" />
		<result property="sido" column="sido" />
		<result property="gugun" column="gugun" />
		<result property="dong" column="dong" />
		<result property="zipCode" column="zip_code" />
		<result property="bunji" column="bunji" />
	</resultMap>

	<select id="selectAddressByDong" resultMap="address" parameterType="String">
	<![CDATA[
	SELECT * FROM ADDRESS WHERE DONG LIKE '%' || #{dong} || '%'
	]]>
	</select>
</mapper>