<?xml version="1.0" encoding="UTF-8" ?>
<!DOCTYPE mapper
      PUBLIC "-//mybatis.org//DTD Mapper 3.0//EN"
   "http://mybatis.org/dtd/mybatis-3-mapper.dtd">

<mapper namespace="mapper.cart">
	<resultMap id="cart" type="cartVO">
		<result property="zipNum" column="zipNum" />
		<result property="sido" column="sido" />
		<result property="gugun" column="gugun" />
		<result property="dong" column="dong" />
		<result property="zipCode" column="zipCode" />
		<result property="bunji" column="bunji" />
	</resultMap>

	<insert id="insertCart" parameterType="cartVO">
	<![CDATA[
	insert into cart(cseq,id, pseq, quantity) values(cart_seq.nextval, #{id}, #{pseq}, #{quantity})
	]]>
	</insert>

	<select id="listCart" resultMap="cart" parameterType="String">
	<![CDATA[
	select * from cart_view where id=#{userId} order by cseq desc
	]]>
	</select>
	
	<delete id="deleteCart" parameterType="Integer">
	<![CDATA[
	delete cart where cseq=#{cseq}
	]]>
	</delete>
	
</mapper>