<?xml version="1.0" encoding="UTF-8"?>
<!DOCTYPE mapper
      PUBLIC "-//mybatis.org//DTD Mapper 3.0//EN"
   "http://mybatis.org/dtd/mybatis-3-mapper.dtd">

<mapper namespace="mapper.member">
	<resultMap type="memberVO" id="member">
		<result property="id" column="id" />
		<result property="pwd" column="pwd" />
		<result property="name" column="name" />
		<result property="email" column="email" />
		<result property="zipNum" column="zip_num" />
		<result property="address" column="address" />
		<result property="phone" column="phone" />
		<result property="useyn" column="useyn" />
		<result property="indate" column="indate" />
	</resultMap>

	<insert id="insertMember" parameterType="memberVO">
      	<![CDATA[
      			insert into member(id, pwd, name, zip_num, address, phone)
      			 values(#{id}, #{pwd}, #{name}, #{zipNum}, #{address}, #{phone})
   		 ]]>
	</insert>


	<select id="selectmembers" resultMap="member" parameterType="java.util.Map">
       <![CDATA[
	        select * from member
	    ]]>
		<where>
			<choose>
				<when test="name != '' and name != null">
					and name like '%' || #{name} || '%'
				</when>
			</choose>
		</where>
		order by indate desc
	</select>


	<select id="getMember" resultMap="member" parameterType="String">
       <![CDATA[
				select * from member where id=#{id}
	    ]]>
	</select>

</mapper>