<?xml version="1.0" encoding="UTF-8"?>
<!DOCTYPE mapper
      PUBLIC "-//mybatis.org//DTD Mapper 3.0//EN"
   "http://mybatis.org/dtd/mybatis-3-mapper.dtd">

<mapper namespace="mapper.order">
	<resultMap type="orderVO" id="order">
		<result property="odseq" column="odseq" />
		<result property="oseq" column="oseq" />
		<result property="id" column="id" />
		<result property="indate" column="indate" />
		<result property="mname" column="mname" />
		<result property="zipNum" column="zip_num" />
		<result property="address" column="address" />
		<result property="phone" column="phone" />
		<result property="pseq" column="pseq" />
		<result property="pname" column="pname" />
		<result property="quantity" column="quantity" />
		<result property="price2" column="price2" />
		<result property="result" column="result" />
	</resultMap>
	<select id="allorderList" resultMap="order" parameterType="java.util.Map">
       <![CDATA[
	        select * from order_view
	    ]]>
		<where>
			<choose>
				<when test="mname != '' and mname != null">
					and mname like '%' || #{mname} || '%'
				</when>
			</choose>
		</where>
		order by result, oseq desc
	</select>


	<update id="updateOrderResult" parameterType="String">
      	<![CDATA[
				update order_detail set result='2' where odseq=#{odseq} 		
   		 ]]>
	</update>

	<select id="listOrderAll" resultMap="order" parameterType="String">
	   <![CDATA[
				select * from order_view where id=#{id}
	   		 ]]>
	</select>

	<select id="listOrderById" resultMap="order" parameterType="java.util.Map">
       <![CDATA[
	        select * from order_view
	    ]]>
		<where>
			<choose>
				<when test="result != '' and result != null">
					and id=#{id} and result like '%' || #{result} || '%'
					and oseq=#{oseq}
				</when>
			</choose>
		</where>
	</select>


	<select id="selectSeqOrderIng" resultType="Integer" parameterType="String">
	   <![CDATA[
				select distinct oseq from order_view where id=#{id}
				 and result='1' order by oseq desc
	   		 ]]>
	</select>

	<update id="updateCartResult" parameterType="java.util.Map">
		<![CDATA[
		 update cart set result=2 where cseq=#{cseq}
		]]>
	</update>

	<insert id="insertOrderDetail" parameterType="java.util.Map">
		<![CDATA[
		 insert into order_detail(odseq, oseq, pseq, quantity) values(order_detail_seq.nextval, #{oseq}, #{pseq}, #{quantity})
		]]>
	</insert>

	<select id="selectMaxOseq" resultType="int">
      <![CDATA[
         select max(oseq) from orders
      ]]>
	</select>

	<insert id="insertOrder" parameterType="String">
		<![CDATA[
		 insert into orders(oseq, id) values(orders_seq.nextval, #{id})
		]]>
	</insert>

</mapper>