<?xml version="1.0" encoding="UTF-8"?>
<!DOCTYPE mapper
      PUBLIC "-//mybatis.org//DTD Mapper 3.0//EN"
   "http://mybatis.org/dtd/mybatis-3-mapper.dtd">

<mapper namespace="mapper.product">
	<resultMap id="product" type="productVO">
		<result property="pseq" column="pseq" />
		<result property="name" column="name" />
		<result property="kind" column="kind" />
		<result property="price1" column="price1" />
		<result property="price2" column="price2" />
		<result property="price3" column="price3" />
		<result property="content" column="content" />
		<result property="image" column="image" />
		<result property="useyn" column="useyn" />
		<result property="bestyn" column="bestyn" />
		<result property="indate" column="indate" />
	</resultMap>
	
	<resultMap id="productView" type="productViewVO">
		<result property="pseq" column="pseq" />
		<result property="name" column="name" />
		<result property="price2" column="price2" />
		<result property="image" column="image" />
	</resultMap>

	<select id="listNewProduct" resultMap="productView">
		SELECT * FROM new_pro_view
	</select>

	<select id="listBestProduct" resultMap="productView">
		SELECT * FROM best_pro_view
	</select>

	<select id="getProduct" parameterType="String" resultMap="product">
		SELECT * FROM product WHERE pseq = #{pseq}
	</select>

	<select id="listKindProduct" parameterType="String" resultMap="product">
		SELECT * FROM product WHERE kind = #{kind}
	</select>

	<select id="totalRecord" resultType="int" parameterType="String">
		select count(*) from product where name like '%'||#{product_name}||'%'
	</select>

	<insert id="insertProduct" parameterType="productVO">
		INSERT INTO product (pseq, kind, name, price1,price2, price3 ,content
		,image)
		VALUES(product_seq.nextval,#{kind}, #{name}, #{price1}, #{price2}, #{price3},#{content},#{image})
	</insert>

	<update id="updateProduct" parameterType="productVO">
		UPDATE product SET kind=#{kind},useyn=#{useyn}, name=#{name},
		price1=#{price1}, price2=#{price2},price3=#{price3},
		content=#{content},image=#{image}, bestyn=#{bestyn}
		WHERE pseq= #{pseq}
	</update>

	<select id="listProduct" parameterType="String" resultMap="product">
  <![CDATA[
  select pseq, indate, name, price1, price2, useyn, bestyn from product where name like '%'||#{product_name}||'%' order by pseq desc
  ]]>
	</select>

</mapper>