<?xml version="1.0" encoding="UTF-8"?>
<!DOCTYPE mapper
      PUBLIC "-//mybatis.org//DTD Mapper 3.0//EN"
   "http://mybatis.org/dtd/mybatis-3-mapper.dtd">

<mapper namespace="mapper.qna">

	<select id="listQna" parameterType="String" resultType="QnaVO">
        <![CDATA[
       		 SELECT * FROM qna WHERE id = #{id} ORDER BY qseq DESC
        ]]>
	</select>

	<select id="getQna" parameterType="int" resultType="QnaVO">
       	 <![CDATA[
       		 SELECT * FROM qna WHERE qseq = #{qseq}
         ]]>
	</select>

	<insert id="insertQna" parameterType="java.util.Map"> 
		<![CDATA[
			INSERT INTO qna (qseq, subject, content, id) 
			VALUES(qna_seq.nextval, #{qnaVO.subject}, #{qnaVO.content}, #{session_id})
		]]>
	</insert>

	<select id="listAllQnA" resultType="QnaVO"> 
     	 <![CDATA[
    		  SELECT * FROM qnA ORDER BY indate DESC
     	 ]]>
	</select>

	<update id="updateQnA" parameterType="QnaVO"> 
     	 <![CDATA[
     	 	UPDATE QnA SET reply=#{reply}, rep='2' WHERE QseQ= #{qseQ}
     	 ]]>
	</update>

</mapper>