<?xml version="1.0" encoding="UTF-8" ?>
<!DOCTYPE mapper
      PUBLIC "-//mybatis.org//DTD Mapper 3.0//EN"
   "http://mybatis.org/dtd/mybatis-3-mapper.dtd">

<mapper namespace="mapper.worker">
	<resultMap id="worker" type="workerVO">
		<result property="id" column="id" />
		<result property="pwd" column="pwd" />
		<result property="name" column="name" />
		<result property="phone" column="phone" />
	</resultMap>

	<select id="workerCheck" resultType="String" parameterType="workerVO">
	<![CDATA[
	select pwd from worker where id=#{userId}
	]]>
	</select>
	
</mapper>