<?xml version="1.0" encoding="UTF-8" ?>
<!DOCTYPE configuration 	PUBLIC "-//mybatis.org//DTD Config 3.0//EN"
	"http://mybatis.org/dtd/mybatis-3-config.dtd">

<configuration>
	<typeAliases>
		<typeAlias type="com.withJ.sts.dto.AddressVO" alias="addressVO" />
		<typeAlias type="com.withJ.sts.dto.CartVO" alias="cartVO" />
		<typeAlias type="com.withJ.sts.dto.MemberVO" alias="memberVO" />
		<typeAlias type="com.withJ.sts.dto.OrderVO" alias="orderVO" />
		<typeAlias type="com.withJ.sts.dto.ProductVO" alias="productVO" />
		<typeAlias type="com.withJ.sts.dto.QnaVO" alias="qnaVO" />
		<typeAlias type="com.withJ.sts.dto.WorkerVO" alias="workerVO" />
		<typeAlias type="com.withJ.sts.dto.ProductViewVO" alias="productViewVO" />
	</typeAliases>
</configuration>